title,date,views,replies
Follow that Squirrel,"March 27, 2021",2112,46
No Hard Feelings,"April 14, 2021",1454,35
Seeing Things,"March 24, 2021",2363,49
Remus' Downfall,"March 20, 2021",2031,40
The Wolf's Jewels,"March 3rd, 2021",2562,48
Nibs Goes Nuts,"February 20, 2021",3009,56
Poisonous Friendship,"February 7, 2021",6697,125
Defending her Wolf,"February 12, 2021",2673,59
The Value of Brutus,"January 21, 2021",4821,68
Cow and Roast Chicken,"January 2, 2021",3346,49
Dungeon Wolves,"December 31, 2020",1393,10
Streaking Dragon,"December 19, 2020",1918,16
Simulation Ended,"November 30, 2020",2110,14
Shoot for the Moon,"November 14, 2020",2169,15
A Way Out,"November 11th, 2020",1935,13
Closing In,"November 7, 2020",2077,18
Detritus and Stone,"October 24, 2020",2481,13
Body Snatcher,"October 10, 2020",3072,24
Detritus,"October 4, 2020",3134,29
Hunted,"September 23, 2020",3046,23
Entering and Breaking,"September 12, 2020",3714,38
Knock Knock,"August 29, 2020",4174,39
Karen Clues In,"August 22, 2020",3433,31
Interrogation,"August 15, 2020",2987,19
Saved by the Spy,"August 1,2020",4143,31
Watch Your Step,"July 25, 2020",3468,17
Trapped in the Middle,"July 22, 2020",3792,29
The Rose Garden,"July 12, 2020",6337,62
The Painting Pt. 2,"June 27, 2020",8380,70
"June the 20th, 2020",,4955,52
Dragon Damage,"May 30, 2020",4812,29
Working Together,"June 13, 2020",3970,29
Hitting a Wall,"June 10, 2020",3075,14
Hidden Bound Stash,may 26. 2020,3899,29
A Second Chance,may 16. 2020,4803,37
The Abandoned Nursery,"May 9th, 2020",4955,37
Dragon Defense,"April 25, 2020",5098,40
The Old Guardians,"April 19, 2020",4162,24
Dragons and Stone,"April 12, 2020",4596,31
Stone Lick,"March 28, 2020",5845,55
Back to the Forbidden Corridor,"March 21st, 2020",3934,15
Chapter 21 Sacrifices of the Past,"March 14, 2020",4055,19
Chapter 20 Epilogue,"March 7th, 2020",5656,46
Chapter 20 End,"February 29th, 2020",5038,31
Party's Over,"February 22nd, 2020",4430,25
Formal Proposal,"February 15th, 2020",5068,37
Informal Proposal,"February 8th, 2020",5984,37
Old Plans Reawakened,"January 25, 2020",7278,64
Calm Before the Storm,"February 2, 2020",4417,18
Liquid Courage Required,"January 11, 2020",9337,68
Chicken Chaser,"January 4, 2020",6029,35
Why not?,"December 28, 2019",7859,54
Sythe Goes For It!,"December 14, 2019",9618,82
It's Time to Party!,"December 10th, 2019",5957,39
Flora Makes Some Big Assumptions,"December 1st, 2019",5395,29
Reni Returns,"November 23th, 2019",7534,50
Thinking for Once,"November 16th, 2019",5530,22
Growing Apart,"November 6th, 2019",5038,24
Beach pounce,"October 19th, 2019",6132,23
Booming Success,"September 28, 2019",7588,36
Overpowering Desperation,"September 25, 2019",6839,24
Mind Manipulation,"August 10, 2019",14552,33
The Unfortunate Request,"September 14, 2019",7829,31
Self-Mastery Training,"September 8, 2019",8083,30
